{
  "main": {
    "id": "1ef90e0344671e45",
    "type": "split",
    "children": [
      {
        "id": "2b8f3a00979cd2bb",
        "type": "tabs",
        "children": [
          {
            "id": "e2b1b7584f7a474c",
            "type": "leaf",
            "state": {
              "type": "markdown",
              "state": {
                "file": "🦶 Rich Foot.md",
                "mode": "preview",
                "backlinks": false,
                "source": false
              },
              "icon": "lucide-file",
              "title": "🦶 Rich Foot"
            }
          }
        ]
      }
    ],
    "direction": "vertical"
  },
  "left": {
    "id": "19544865c543750b",
    "type": "split",
    "children": [
      {
        "id": "72f5c1b70c8ace67",
        "type": "tabs",
        "children": [
          {
            "id": "13ae8c7ba56bdee2",
            "type": "leaf",
            "state": {
              "type": "file-explorer",
              "state": {
                "sortOrder": "alphabetical"
              },
              "icon": "lucide-folder-closed",
              "title": "Files"
            }
          },
          {
            "id": "49fed605b736bc34",
            "type": "leaf",
            "state": {
              "type": "search",
              "state": {
                "query": "",
                "matchingCase": false,
                "explainSearch": false,
                "collapseAll": false,
                "extraContext": false,
                "sortOrder": "alphabetical"
              },
              "icon": "lucide-search",
              "title": "Search"
            }
          },
          {
            "id": "bbca3b9ee9b1a6c1",
            "type": "leaf",
            "state": {
              "type": "bookmarks",
              "state": {},
              "icon": "lucide-bookmark",
              "title": "Bookmarks"
            }
          }
        ]
      }
    ],
    "direction": "horizontal",
    "width": 300
  },
  "right": {
    "id": "cd02aed36fc6bb61",
    "type": "split",
    "children": [
      {
        "id": "ffc87906c78758b4",
        "type": "tabs",
        "children": [
          {
            "id": "9769f022647280d1",
            "type": "leaf",
            "state": {
              "type": "tag",
              "state": {
                "sortOrder": "frequency",
                "useHierarchy": true
              },
              "icon": "lucide-tags",
              "title": "Tags"
            }
          },
          {
            "id": "37be360ac71f03a8",
            "type": "leaf",
            "state": {
              "type": "outline",
              "state": {},
              "icon": "lucide-list",
              "title": "Outline"
            }
          },
          {
            "id": "46d47ecd473a3665",
            "type": "leaf",
            "state": {
              "type": "file-properties",
              "state": {},
              "icon": "lucide-info",
              "title": "File properties"
            }
          },
          {
            "id": "8b76c4ae7238dba8",
            "type": "leaf",
            "state": {
              "type": "all-properties",
              "state": {
                "sortOrder": "frequency",
                "showSearch": false,
                "searchQuery": ""
              },
              "icon": "lucide-archive",
              "title": "All properties"
            }
          },
          {
            "id": "52fd00eedba22e1b",
            "type": "leaf",
            "state": {
              "type": "empty",
              "state": {},
              "icon": "lucide-file",
              "title": "New tab"
            }
          },
          {
            "id": "d79a08e8670c4660",
            "type": "leaf",
            "state": {
              "type": "empty",
              "state": {},
              "icon": "lucide-file",
              "title": "New tab"
            }
          },
          {
            "id": "31c3f2d74db82215",
            "type": "leaf",
            "state": {
              "type": "empty",
              "state": {},
              "icon": "lucide-file",
              "title": "New tab"
            }
          },
          {
            "id": "8d18b4a09cbaab4e",
            "type": "leaf",
            "state": {
              "type": "empty",
              "state": {},
              "icon": "lucide-file",
              "title": "New tab"
            }
          },
          {
            "id": "4674f52fab9186d3",
            "type": "leaf",
            "state": {
              "type": "empty",
              "state": {},
              "icon": "lucide-file",
              "title": "New tab"
            }
          },
          {
            "id": "c27c8283769f4466",
            "type": "leaf",
            "state": {
              "type": "empty",
              "state": {},
              "icon": "lucide-file",
              "title": "New tab"
            }
          },
          {
            "id": "c4f94b5118e3d0e8",
            "type": "leaf",
            "state": {
              "type": "empty",
              "state": {},
              "icon": "lucide-file",
              "title": "New tab"
            }
          },
          {
            "id": "459a2d3da0268437",
            "type": "leaf",
            "state": {
              "type": "empty",
              "state": {},
              "icon": "lucide-file",
              "title": "New tab"
            }
          },
          {
            "id": "dbaf43fb57cc4699",
            "type": "leaf",
            "state": {
              "type": "empty",
              "state": {},
              "icon": "lucide-file",
              "title": "New tab"
            }
          },
          {
            "id": "facf9bbf4043ed4c",
            "type": "leaf",
            "state": {
              "type": "empty",
              "state": {},
              "icon": "lucide-file",
              "title": "New tab"
            }
          },
          {
            "id": "d1a82455e37d17f2",
            "type": "leaf",
            "state": {
              "type": "empty",
              "state": {},
              "icon": "lucide-file",
              "title": "New tab"
            }
          },
          {
            "id": "c0acc529bba3c2a2",
            "type": "leaf",
            "state": {
              "type": "empty",
              "state": {},
              "icon": "lucide-file",
              "title": "New tab"
            }
          },
          {
            "id": "b7f24a3bc892f7ce",
            "type": "leaf",
            "state": {
              "type": "empty",
              "state": {},
              "icon": "lucide-file",
              "title": "New tab"
            }
          },
          {
            "id": "9c84df65d40032a2",
            "type": "leaf",
            "state": {
              "type": "empty",
              "state": {},
              "icon": "lucide-file",
              "title": "New tab"
            }
          },
          {
            "id": "ae96266198a50c4c",
            "type": "leaf",
            "state": {
              "type": "empty",
              "state": {},
              "icon": "lucide-file",
              "title": "New tab"
            }
          },
          {
            "id": "fb7d7d767937b219",
            "type": "leaf",
            "state": {
              "type": "empty",
              "state": {},
              "icon": "lucide-file",
              "title": "New tab"
            }
          },
          {
            "id": "bcb7b70e87d22128",
            "type": "leaf",
            "state": {
              "type": "empty",
              "state": {},
              "icon": "lucide-file",
              "title": "New tab"
            }
          },
          {
            "id": "864edfa85a3c930c",
            "type": "leaf",
            "state": {
              "type": "empty",
              "state": {},
              "icon": "lucide-file",
              "title": "New tab"
            }
          },
          {
            "id": "1618e93fe6d7ef12",
            "type": "leaf",
            "state": {
              "type": "empty",
              "state": {},
              "icon": "lucide-file",
              "title": "New tab"
            }
          },
          {
            "id": "79156bd6731a2904",
            "type": "leaf",
            "state": {
              "type": "empty",
              "state": {},
              "icon": "lucide-file",
              "title": "New tab"
            }
          },
          {
            "id": "8aaf706b35cce35a",
            "type": "leaf",
            "state": {
              "type": "empty",
              "state": {},
              "icon": "lucide-file",
              "title": "New tab"
            }
          },
          {
            "id": "55c54da986a31382",
            "type": "leaf",
            "state": {
              "type": "empty",
              "state": {},
              "icon": "lucide-file",
              "title": "New tab"
            }
          },
          {
            "id": "138dd6cbe7f3aecb",
            "type": "leaf",
            "state": {
              "type": "empty",
              "state": {},
              "icon": "lucide-file",
              "title": "New tab"
            }
          },
          {
            "id": "2c847f2d16aaf127",
            "type": "leaf",
            "state": {
              "type": "empty",
              "state": {},
              "icon": "lucide-file",
              "title": "New tab"
            }
          },
          {
            "id": "14652de8e6a18ccc",
            "type": "leaf",
            "state": {
              "type": "empty",
              "state": {},
              "icon": "lucide-file",
              "title": "New tab"
            }
          },
          {
            "id": "d0aa2777f3e47d4b",
            "type": "leaf",
            "state": {
              "type": "Saved Queries View",
              "state": {},
              "icon": "feather-mouse-pointer",
              "title": "Saved Queries"
            }
          }
        ],
        "currentTab": 29
      }
    ],
    "direction": "horizontal",
    "width": 454.5,
    "collapsed": true
  },
  "left-ribbon": {
    "hiddenItems": {
      "obsidian-custom-frames:Open 📄 release notes": false,
      "cmdr:Open Plugin Settings: Pixel Banner": false,
      "cmdr:Open Plugin Settings: Rich Foot": false,
      "cmdr:Reload app without saving": false,
      "switcher:Open quick switcher": false,
      "templates:Insert template": true,
      "command-palette:Open command palette": false,
      "canvas:Create new canvas": false
    }
  },
  "active": "e2b1b7584f7a474c",
  "lastOpenFiles": [
    "releases/v1.7.0 - 📆 Dates Your Way.md",
    "🦶 Rich Foot.md",
    "backlink test.md",
    "note with table.md",
    "Untitled.canvas",
    "exclude/no rich-feet here.md",
    "exclude/me too/no rich-feet here either.md",
    "pixel-banner-images/calendar-feet.png",
    "images/rich-feet-3.jpg",
    "images/rich-feet-2.jpg",
    "images/rich-feet.jpg",
    "images",
    "exclude/me too",
    "exclude",
    "exclude/excluded note.md",
    "exclude/test/testnote.md",
    "exclude/test",
    "exclude"
  ]
}