{
  "main": {
    "id": "1ef90e0344671e45",
    "type": "split",
    "children": [
      {
        "id": "77912c2b8cc04a23",
        "type": "tabs",
        "children": [
          {
            "id": "a7f618d9e6fd9c3d",
            "type": "leaf",
            "state": {
              "type": "markdown",
              "state": {
                "file": "backlink test.md",
                "mode": "preview",
                "source": false
              },
              "icon": "lucide-file",
              "title": "backlink test"
            }
          }
        ]
      }
    ],
    "direction": "vertical"
  },
  "left": {
    "id": "19544865c543750b",
    "type": "split",
    "children": [
      {
        "id": "72f5c1b70c8ace67",
        "type": "tabs",
        "children": [
          {
            "id": "13ae8c7ba56bdee2",
            "type": "leaf",
            "state": {
              "type": "file-explorer",
              "state": {
                "sortOrder": "alphabetical"
              },
              "icon": "lucide-folder-closed",
              "title": "Files"
            }
          },
          {
            "id": "49fed605b736bc34",
            "type": "leaf",
            "state": {
              "type": "search",
              "state": {
                "query": "",
                "matchingCase": false,
                "explainSearch": false,
                "collapseAll": false,
                "extraContext": false,
                "sortOrder": "alphabetical"
              },
              "icon": "lucide-search",
              "title": "Search"
            }
          },
          {
            "id": "bbca3b9ee9b1a6c1",
            "type": "leaf",
            "state": {
              "type": "bookmarks",
              "state": {},
              "icon": "lucide-bookmark",
              "title": "Bookmarks"
            }
          }
        ]
      }
    ],
    "direction": "horizontal",
    "width": 300
  },
  "right": {
    "id": "cd02aed36fc6bb61",
    "type": "split",
    "children": [
      {
        "id": "ffc87906c78758b4",
        "type": "tabs",
        "children": [
          {
            "id": "992b20760e0b7ed2",
            "type": "leaf",
            "state": {
              "type": "backlink",
              "state": {
                "file": "backlink test.md",
                "collapseAll": false,
                "extraContext": false,
                "sortOrder": "alphabetical",
                "showSearch": false,
                "searchQuery": "",
                "backlinkCollapsed": false,
                "unlinkedCollapsed": true
              },
              "icon": "links-coming-in",
              "title": "Backlinks for backlink test"
            }
          },
          {
            "id": "f542438b8c4a4d89",
            "type": "leaf",
            "state": {
              "type": "outgoing-link",
              "state": {
                "file": "backlink test.md",
                "linksCollapsed": false,
                "unlinkedCollapsed": true
              },
              "icon": "links-going-out",
              "title": "Outgoing links from backlink test"
            }
          },
          {
            "id": "9769f022647280d1",
            "type": "leaf",
            "state": {
              "type": "tag",
              "state": {
                "sortOrder": "frequency",
                "useHierarchy": true
              },
              "icon": "lucide-tags",
              "title": "Tags"
            }
          },
          {
            "id": "37be360ac71f03a8",
            "type": "leaf",
            "state": {
              "type": "outline",
              "state": {
                "file": "backlink test.md"
              },
              "icon": "lucide-list",
              "title": "Outline of backlink test"
            }
          }
        ]
      }
    ],
    "direction": "horizontal",
    "width": 300,
    "collapsed": true
  },
  "left-ribbon": {
    "hiddenItems": {
      "cmdr:Reload app without saving": false,
      "switcher:Open quick switcher": false,
      "graph:Open graph view": false,
      "canvas:Create new canvas": false,
      "daily-notes:Open today's daily note": false,
      "templates:Insert template": false,
      "command-palette:Open command palette": false
    }
  },
  "active": "a7f618d9e6fd9c3d",
  "lastOpenFiles": [
    "🦶 Rich Foot.md",
    "backlink test.md"
  ]
}