{
  "main": {
    "id": "1ef90e0344671e45",
    "type": "split",
    "children": [
      {
        "id": "2b8f3a00979cd2bb",
        "type": "tabs",
        "children": [
          {
            "id": "e2b1b7584f7a474c",
            "type": "leaf",
            "state": {
              "type": "markdown",
              "state": {
                "file": "🦶 Rich Foot.md",
                "mode": "preview",
                "backlinks": false,
                "source": false
              },
              "icon": "lucide-file",
              "title": "🦶 Rich Foot"
            }
          }
        ]
      }
    ],
    "direction": "vertical"
  },
  "left": {
    "id": "19544865c543750b",
    "type": "split",
    "children": [
      {
        "id": "72f5c1b70c8ace67",
        "type": "tabs",
        "children": [
          {
            "id": "13ae8c7ba56bdee2",
            "type": "leaf",
            "state": {
              "type": "file-explorer",
              "state": {
                "sortOrder": "alphabetical"
              },
              "icon": "lucide-folder-closed",
              "title": "Files"
            }
          },
          {
            "id": "49fed605b736bc34",
            "type": "leaf",
            "state": {
              "type": "search",
              "state": {
                "query": "",
                "matchingCase": false,
                "explainSearch": false,
                "collapseAll": false,
                "extraContext": false,
                "sortOrder": "alphabetical"
              },
              "icon": "lucide-search",
              "title": "Search"
            }
          },
          {
            "id": "bbca3b9ee9b1a6c1",
            "type": "leaf",
            "state": {
              "type": "bookmarks",
              "state": {},
              "icon": "lucide-bookmark",
              "title": "Bookmarks"
            }
          }
        ]
      }
    ],
    "direction": "horizontal",
    "width": 300
  },
  "right": {
    "id": "cd02aed36fc6bb61",
    "type": "split",
    "children": [
      {
        "id": "ffc87906c78758b4",
        "type": "tabs",
        "children": [
          {
            "id": "9769f022647280d1",
            "type": "leaf",
            "state": {
              "type": "tag",
              "state": {
                "sortOrder": "frequency",
                "useHierarchy": true
              },
              "icon": "lucide-tags",
              "title": "Tags"
            }
          },
          {
            "id": "37be360ac71f03a8",
            "type": "leaf",
            "state": {
              "type": "outline",
              "state": {
                "file": "backlink test.md"
              },
              "icon": "lucide-list",
              "title": "Outline of backlink test"
            }
          },
          {
            "id": "4508dfcd1d199dfa",
            "type": "leaf",
            "state": {
              "type": "empty",
              "state": {},
              "icon": "lucide-file",
              "title": "New tab"
            }
          },
          {
            "id": "388b22a3a54ccc4c",
            "type": "leaf",
            "state": {
              "type": "empty",
              "state": {},
              "icon": "lucide-file",
              "title": "New tab"
            }
          },
          {
            "id": "fc7ebc193edee888",
            "type": "leaf",
            "state": {
              "type": "empty",
              "state": {},
              "icon": "lucide-file",
              "title": "New tab"
            }
          },
          {
            "id": "86780c664be3375b",
            "type": "leaf",
            "state": {
              "type": "Saved Queries View",
              "state": {},
              "icon": "feather-mouse-pointer",
              "title": "Saved Queries"
            }
          }
        ],
        "currentTab": 5
      }
    ],
    "direction": "horizontal",
    "width": 300,
    "collapsed": true
  },
  "left-ribbon": {
    "hiddenItems": {
      "cmdr:Open Plugin Settings: Pixel Banner": false,
      "cmdr:Open Plugin Settings: Rich Foot": false,
      "cmdr:Reload app without saving": false,
      "switcher:Open quick switcher": false,
      "templates:Insert template": true,
      "command-palette:Open command palette": false
    }
  },
  "active": "e2b1b7584f7a474c",
  "lastOpenFiles": [
    "backlink test.md",
    "exclude/no rich-feet here.md",
    "🦶 Rich Foot.md",
    "exclude/me too/no rich-feet here either.md",
    "images/rich-feet-3.jpg",
    "images/rich-feet-2.jpg",
    "images/rich-feet.jpg",
    "images",
    "exclude/me too",
    "exclude",
    "exclude/excluded note.md",
    "exclude/test/testnote.md",
    "exclude/test",
    "exclude"
  ]
}