{
  "main": {
    "id": "1ef90e0344671e45",
    "type": "split",
    "children": [
      {
        "id": "a294327416f762c9",
        "type": "tabs",
        "children": [
          {
            "id": "934f926a39fbc7ea",
            "type": "leaf",
            "state": {
              "type": "markdown",
              "state": {
                "file": "🦶 Rich Foot.md",
                "mode": "preview",
                "source": false,
                "backlinks": false
              },
              "icon": "lucide-file",
              "title": "🦶 Rich Foot"
            }
          }
        ]
      }
    ],
    "direction": "vertical"
  },
  "left": {
    "id": "19544865c543750b",
    "type": "split",
    "children": [
      {
        "id": "72f5c1b70c8ace67",
        "type": "tabs",
        "children": [
          {
            "id": "13ae8c7ba56bdee2",
            "type": "leaf",
            "state": {
              "type": "file-explorer",
              "state": {
                "sortOrder": "alphabetical",
                "autoReveal": false
              },
              "icon": "lucide-folder-closed",
              "title": "Files"
            }
          },
          {
            "id": "49fed605b736bc34",
            "type": "leaf",
            "state": {
              "type": "search",
              "state": {
                "query": "",
                "matchingCase": false,
                "explainSearch": false,
                "collapseAll": false,
                "extraContext": false,
                "sortOrder": "alphabetical"
              },
              "icon": "lucide-search",
              "title": "Search"
            }
          },
          {
            "id": "bbca3b9ee9b1a6c1",
            "type": "leaf",
            "state": {
              "type": "bookmarks",
              "state": {},
              "icon": "lucide-bookmark",
              "title": "Bookmarks"
            }
          }
        ]
      }
    ],
    "direction": "horizontal",
    "width": 300
  },
  "right": {
    "id": "cd02aed36fc6bb61",
    "type": "split",
    "children": [
      {
        "id": "ffc87906c78758b4",
        "type": "tabs",
        "children": [
          {
            "id": "9769f022647280d1",
            "type": "leaf",
            "state": {
              "type": "tag",
              "state": {
                "sortOrder": "frequency",
                "useHierarchy": true
              },
              "icon": "lucide-tags",
              "title": "Tags"
            }
          },
          {
            "id": "37be360ac71f03a8",
            "type": "leaf",
            "state": {
              "type": "outline",
              "state": {
                "file": "🦶 Rich Foot.md",
                "followCursor": false,
                "showSearch": false,
                "searchQuery": ""
              },
              "icon": "lucide-list",
              "title": "Outline of 🦶 Rich Foot"
            }
          },
          {
            "id": "46d47ecd473a3665",
            "type": "leaf",
            "state": {
              "type": "file-properties",
              "state": {},
              "icon": "lucide-info",
              "title": "File properties"
            }
          },
          {
            "id": "8b76c4ae7238dba8",
            "type": "leaf",
            "state": {
              "type": "all-properties",
              "state": {
                "sortOrder": "frequency",
                "showSearch": false,
                "searchQuery": ""
              },
              "icon": "lucide-archive",
              "title": "All properties"
            }
          }
        ],
        "currentTab": 1
      }
    ],
    "direction": "horizontal",
    "width": 454.5
  },
  "left-ribbon": {
    "hiddenItems": {
      "bases:Create new base": false,
      "switcher:Open quick switcher": false,
      "templates:Insert template": true,
      "command-palette:Open command palette": false,
      "canvas:Create new canvas": false,
      "obsidian-custom-frames:Open 📄 release notes": false,
      "obsidian-kanban:Create new board": false,
      "cmdr:Reload app without saving": false,
      "cmdr:Open Plugin Settings: Pixel Banner": false,
      "cmdr:Open Plugin Settings: Rich Foot": false,
      "pexels-banner:🚩 Pixel Banner Menu": false
    }
  },
  "active": "37be360ac71f03a8",
  "lastOpenFiles": [
    "🦶 Rich Foot.md",
    "exclude/no rich-feet here.md",
    "misc-notes/link test.md",
    "exclude/me too/no rich-feet here either.md",
    "misc-notes/link test 2.md",
    "misc-notes/one.md",
    "releases/v1.7.0 - 📆 Dates Your Way.md",
    "releases/v1.8.0 - 🫣 Page Preview Support.md",
    "releases/v1.9.0 - 🥙 Stuffed Links.md",
    "releases/v1.10.0 - 🛑 Exclude Me Please.md",
    "Untitled.md",
    "misc-notes/two.md",
    "misc-notes/three.md",
    "images/rich-feet-3.jpg",
    "images/rich-feet-2.jpg",
    "images/rich-feet.jpg",
    "pixel-banner-images/no-fee-allowed.png",
    "pixel-banner-images/stuffed-links.png",
    "pixel-banner-images/feet-dreaming.png",
    "pixel-banner-images/calendar-feet.png",
    "thino test.md",
    "2024-12-07.md",
    "Untitled Kanban.md",
    "Untitled.canvas",
    "test.md",
    "misc-notes",
    "Pasted image 20241129154754.png",
    "note with table.md",
    "images",
    "exclude/me too",
    "exclude",
    "exclude/excluded note.md",
    "exclude/test/testnote.md",
    "exclude/test",
    "exclude"
  ]
}